{
  "hyperparameters": {
    "signal": "MHc145_MA92",
    "channel": "Combined",
    "iteration": 3,
    "model_idx": 2,
    "num_hidden": 192,
    "optimizer": "Adam",
    "initial_lr": 0.0004,
    "weight_decay": 0.00013,
    "scheduler": "ExponentialLR",
    "pilot_mode": false,
    "num_classes": 4,
    "model_type": "ParticleNet",
    "num_node_features": 9,
    "num_graph_features": 4,
    "dropout_p": 0.4,
    "batch_size": 512,
    "train_folds": [
      0,
      1,
      2
    ],
    "valid_folds": [
      3
    ]
  },
  "training_summary": {
    "best_epoch": 96,
    "best_train_loss": 0.8529768156458111,
    "best_valid_loss": 0.8914794815799504,
    "best_train_acc": 0.6545066526961332,
    "best_valid_acc": 0.6356210616015967,
    "total_epochs": 100
  },
  "epoch_history": {
    "train_loss": [
      1.0496601533657224,
      1.0041286973832675,
      0.9869247383570513,
      0.9750045215570952,
      0.9705061323621772,
      0.9609933799425009,
      0.9500208038177487,
      0.945923565765718,
      0.9375676327034879,
      0.9356772788056967,
      0.9340046327692734,
      0.9255067415815743,
      0.9225756258184131,
      0.921336222203021,
      0.9183053055251298,
      0.9135127397392031,
      0.9109616266192991,
      0.9101743064183894,
      0.9061599294919827,
      0.9038162163775486,
      0.9036812020781628,
      0.901765780032792,
      0.8994831163286212,
      0.8983063684663043,
      0.8960035709315065,
      0.8950039770759001,
      0.893616985701436,
      0.8931679156515078,
      0.8928778933192225,
      0.892293289758287,
      0.8887262155017092,
      0.8876262388700561,
      0.8872605730126402,
      0.8868540556047629,
      0.8823034824632113,
      0.8846070392997498,
      0.8831450888021989,
      0.8810512192259566,
      0.8814470205933228,
      0.8809164625770468,
      0.8798626648525316,
      0.8783259793027797,
      0.8784884388250613,
      0.8767698558525614,
      0.8762012925532979,
      0.8754673797103358,
      0.8756781630179283,
      0.8744228777277842,
      0.8744980807414483,
      0.872973624953322,
      0.8727371230963364,
      0.8712301508126152,
      0.8711140306616597,
      0.871300695577972,
      0.8700500931059398,
      0.869566620168149,
      0.8686115118447285,
      0.868152762763152,
      0.8678672719617301,
      0.8667368255984134,
      0.8671592042992731,
      0.8652353768734544,
      0.866031546009951,
      0.8632857293530923,
      0.86452860005702,
      0.8639889302067797,
      0.8638046303398781,
      0.8626934929608654,
      0.862667112532974,
      0.8616549608824013,
      0.8614382374480165,
      0.8617524082886957,
      0.8599618762788724,
      0.8609860631237881,
      0.8590105350836217,
      0.859669958618349,
      0.8604619456971225,
      0.8597801309111794,
      0.8573164277619807,
      0.8579487628447869,
      0.8579353551597839,
      0.8564722680626361,
      0.8574762977782255,
      0.8560732150407169,
      0.8562784724291853,
      0.8563317452814136,
      0.8541402843664053,
      0.8547576485526452,
      0.8554463996519248,
      0.8549374444727709,
      0.8553984106283634,
      0.8537406658752849,
      0.8543625097213723,
      0.8533510783668736,
      0.8524709383489902,
      0.8541371641261407,
      0.8529768156458111,
      0.8529898901193723,
      0.8529241054358603,
      0.8532347850223081
    ],
    "valid_loss": [
      1.0929981532208177,
      1.042253944869693,
      1.0242696098300434,
      1.0081743316448506,
      1.0063626157179644,
      0.99439477975067,
      0.9846527814421349,
      0.9815755056291788,
      0.9745628103378939,
      0.9710506056567295,
      0.9684160473908472,
      0.9603420200510008,
      0.9579911682280834,
      0.9551912259449243,
      0.950332909356646,
      0.9474261262081985,
      0.9470559794420597,
      0.9429985167689181,
      0.9404526942486243,
      0.9385933266424287,
      0.939289188057801,
      0.9374691800211656,
      0.9350868481560832,
      0.9331308682709701,
      0.9306715306426678,
      0.9296622309347814,
      0.929944850617177,
      0.9294538538344701,
      0.9263579935945511,
      0.929755313979281,
      0.9249217844970709,
      0.9231783234471336,
      0.9249098734164557,
      0.9228375023640464,
      0.9199668364678502,
      0.9205196613211424,
      0.9194826223576882,
      0.9181124992354351,
      0.9184554053008392,
      0.9172872703688605,
      0.9163280709733544,
      0.9150112228148897,
      0.9146691210412734,
      0.9144421618237075,
      0.9137968084270185,
      0.9138193667500364,
      0.914804321532694,
      0.9120176966003797,
      0.9128610080028391,
      0.9100127502986155,
      0.9104221788741322,
      0.909599349537939,
      0.9101246309476079,
      0.9090377545508058,
      0.9076169772138829,
      0.9073322124967523,
      0.9080551580659577,
      0.9062755140653973,
      0.9060333401143178,
      0.9060103858046283,
      0.9051658565870349,
      0.9032432316284851,
      0.905215573744457,
      0.9013785558846886,
      0.902080854799519,
      0.9028997904806377,
      0.9019073600273739,
      0.9016529187017741,
      0.9017724674115271,
      0.9001546645922095,
      0.8995148188234902,
      0.8981991621323749,
      0.8986716290656726,
      0.8986391006725334,
      0.898100446992287,
      0.8974314255004716,
      0.8978705533329857,
      0.8973349746445072,
      0.8964559384691331,
      0.8967091766932968,
      0.8971219477590308,
      0.8977585125442117,
      0.8966837418423427,
      0.8953154206348118,
      0.8955972877799966,
      0.8963462951576665,
      0.8936374213400237,
      0.8930648183682552,
      0.8955933337303249,
      0.8953858133607363,
      0.8936440084572583,
      0.8928640515004501,
      0.8922591677020639,
      0.8929472302587451,
      0.8916528796865222,
      0.8934692447997603,
      0.8914794815799504,
      0.8916995228787135,
      0.8924547588555493,
      0.8930737885057337
    ],