{
  "hyperparameters": {
    "signal": "MHc145_MA92",
    "channel": "Combined",
    "iteration": 3,
    "model_idx": 7,
    "num_hidden": 192,
    "optimizer": "Adam",
    "initial_lr": 0.0002,
    "weight_decay": 2e-05,
    "scheduler": "ReduceLROnPlateau",
    "pilot_mode": false,
    "num_classes": 4,
    "model_type": "ParticleNet",
    "num_node_features": 9,
    "num_graph_features": 4,
    "dropout_p": 0.4,
    "batch_size": 512,
    "train_folds": [
      0,
      1,
      2
    ],
    "valid_folds": [
      3
    ]
  },
  "training_summary": {
    "best_epoch": 97,
    "best_train_loss": 0.8526187065241954,
    "best_valid_loss": 0.8909804011600624,
    "best_train_acc": 0.6542620399546984,
    "best_valid_acc": 0.6355481802076559,
    "total_epochs": 100
  },
  "epoch_history": {
    "train_loss": [
      1.1076396218321343,
      1.0392129666803596,
      1.018350038945262,
      0.9985137218324954,
      0.987905901101076,
      0.9824032707756302,
      0.9718956893800635,
      0.9651475302876248,
      0.9595586829476922,
      0.9542543761220301,
      0.9513288464956888,
      0.9461403800253536,
      0.9418591075763993,
      0.9366662541579198,
      0.9349529664117869,
      0.9317675600805212,
      0.9278327467184454,
      0.9269359144904428,
      0.9207089943276958,
      0.918780501886587,
      0.9146434782381565,
      0.9132744949047688,
      0.9092683965440121,
      0.9077389268681076,
      0.9033518878122496,
      0.9040223108917318,
      0.9014397215488503,
      0.897479862230269,
      0.8971080349616872,
      0.8963868145773808,
      0.8932940387914658,
      0.8942180391763057,
      0.8904495960463131,
      0.8895081235786474,
      0.8878253908641618,
      0.8867012682277513,
      0.8876808057699496,
      0.8860245454860316,
      0.884332718347316,
      0.8835371102238044,
      0.8825277885257382,
      0.8798529318558499,
      0.8782955251256245,
      0.8781609122218269,
      0.87915193820307,
      0.8775025395532142,
      0.8760768175685364,
      0.8757726753318359,
      0.8743714570872403,
      0.8744103767082431,
      0.8718696796057477,
      0.8713754814174429,
      0.8716643966555717,
      0.8689552701854866,
      0.869842213890092,
      0.8677710850455531,
      0.8687021999813496,
      0.8698634065073629,
      0.8670025929709082,
      0.8694650754034627,
      0.8664849692025001,
      0.8678486659298926,
      0.8655678559417925,
      0.8658064374152447,
      0.8646026995841157,
      0.8636274144825055,
      0.8646870828840719,
      0.862852345451794,
      0.8625544524500851,
      0.8636746876937617,
      0.86241523651575,
      0.8616393481015294,
      0.8605706961227292,
      0.8602116796339719,
      0.8603539347425443,
      0.8596748490472681,
      0.8590430427718262,
      0.8595203844045438,
      0.8580196267237049,
      0.8580225155199379,
      0.8583157320664087,
      0.8572335586588851,
      0.8586143045767731,
      0.8553360426741047,
      0.8567467598942395,
      0.8571475334233314,
      0.8564534833945803,
      0.855827608588822,
      0.8548454892278352,
      0.8554524352897911,
      0.8548770152774063,
      0.8542481185583598,
      0.8531777828554564,
      0.8542938866798945,
      0.8537507228568736,
      0.8526358496240252,
      0.855665689760209,
      0.8526187065241954,
      0.8520552843665165,
      0.8526179966339185
    ],
    "valid_loss": [
      1.1573597001651952,
      1.08086570938381,
      1.0579269503621098,
      1.0371096750054563,
      1.0259680357580963,
      1.0195700959588505,
      1.006562372729935,
      1.0004816244993346,
      0.9943714881380111,
      0.9903287269298524,
      0.9890800167086563,
      0.980824024810459,
      0.9793733908997342,
      0.9726134866901778,
      0.9709758754695408,
      0.9694294612026422,
      0.9634624751779233,
      0.9617995587066362,
      0.9570200600616706,
      0.9550117897473562,
      0.9500111514945164,
      0.9522793445001604,
      0.9448816871176847,
      0.9424061606577421,
      0.9401514010016309,
      0.9422428447704654,
      0.9385914497049562,
      0.9331507842020469,
      0.9331701688146494,
      0.9334627273433306,
      0.930345047887078,
      0.929978421544247,
      0.9273153455655252,
      0.92798999881075,
      0.9234917672145119,
      0.922221760113257,
      0.9258473935468475,
      0.9229518691147125,
      0.9217468169159325,
      0.920215645868951,
      0.9186174906268133,
      0.9178470208399835,
      0.9167526312184275,
      0.9144403435699372,
      0.9169977593720808,
      0.9164537233013861,
      0.9123991281739814,
      0.9118131249585005,
      0.9105341028943155,
      0.9118659001698292,
      0.9097490393433496,
      0.9082164403833154,
      0.908411261120736,
      0.9067169689718853,
      0.9066529927014091,
      0.9071485283177338,
      0.9061937299432451,
      0.9079230480499059,
      0.9060851757876008,
      0.907479295069116,
      0.9030359228110759,
      0.9044433714197015,
      0.9029029910521063,
      0.90447816905856,
      0.9023967122977081,
      0.9012601987278299,
      0.9033158780309835,
      0.9018015730734686,
      0.9006432681748469,
      0.9033550902069306,
      0.9015299547032173,
      0.901351767116895,
      0.8997620375198694,
      0.8987340656161011,
      0.8983870082348201,
      0.898303282417816,
      0.8975731583604836,
      0.8977963701189614,
      0.8969649538857927,
      0.8974068189793815,
      0.8968861577563925,
      0.896408694325037,
      0.895909577976352,
      0.8950481854067239,
      0.8954103266380433,
      0.8949897988871823,
      0.8957937912682955,
      0.8941519897233731,
      0.8945634439986914,
      0.8949666282348072,
      0.8939292358859695,
      0.89226581547053,
      0.892048751300335,
      0.8940389827065899,
      0.8932293877428289,
      0.8923255860186649,
      0.8929587537360748,
      0.8909804011600624,
      0.8916563202110289,
      0.8918590877140223
    ],