{
  "hyperparameters": {
    "signal": "MHc130_MA90",
    "channel": "Combined",
    "iteration": 3,
    "model_idx": 9,
    "num_hidden": 128,
    "optimizer": "RMSprop",
    "initial_lr": 0.0001,
    "weight_decay": 3e-05,
    "scheduler": "ExponentialLR",
    "pilot_mode": false,
    "num_classes": 4,
    "model_type": "ParticleNet",
    "num_node_features": 9,
    "num_graph_features": 4,
    "dropout_p": 0.4,
    "batch_size": 512,
    "train_folds": [
      0,
      1,
      2
    ],
    "valid_folds": [
      3
    ]
  },
  "training_summary": {
    "best_epoch": 98,
    "best_train_loss": 0.8534387537230613,
    "best_valid_loss": 0.8880953148134039,
    "best_train_acc": 0.6534646409393129,
    "best_valid_acc": 0.6373758213172471,
    "total_epochs": 100
  },
  "epoch_history": {
    "train_loss": [
      0.9902968552303301,
      0.9701181638947729,
      0.9635637420457621,
      0.9478206881101221,
      0.9385023819369486,
      0.9290815338684001,
      0.9196852210604066,
      0.916188205073831,
      0.91075930614538,
      0.9043721901391132,
      0.9062090147336679,
      0.9046270266671566,
      0.901050067525996,
      0.8973835342434442,
      0.8984606966764456,
      0.89496130068844,
      0.8974111386465649,
      0.892914940826191,
      0.890857827052942,
      0.8905177393024767,
      0.8899660172375727,
      0.891314295839545,
      0.8875583176715828,
      0.8854431929055225,
      0.8855556033503074,
      0.8835666498076211,
      0.8837524553942864,
      0.8838142205029698,
      0.8826498724273092,
      0.8828530124757707,
      0.8826737325986875,
      0.8819293322386429,
      0.8825728321723483,
      0.8782714784838309,
      0.8788964183971397,
      0.8783800428321099,
      0.87687047524523,
      0.8761529233645461,
      0.8768603021448643,
      0.87341470680618,
      0.8751590748002683,
      0.8749810537013515,
      0.8747448767513755,
      0.8715394773368436,
      0.8714801885213285,
      0.8746302545925246,
      0.8704510267796066,
      0.8722297016269792,
      0.8704682633093509,
      0.870460345230638,
      0.8679721076566543,
      0.8698616779069968,
      0.8683619061097686,
      0.8675296524332814,
      0.8678666070193537,
      0.8682727407958905,
      0.8674817958140747,
      0.8666730782928322,
      0.8652696596528857,
      0.8658770115354193,
      0.8661182950573237,
      0.8655373334372161,
      0.8669984050903471,
      0.8637963638607496,
      0.8650636617720963,
      0.8650253373994267,
      0.8638345285921432,
      0.8635103860606744,
      0.8634856831317765,
      0.8627465427579899,
      0.861873544638196,
      0.8619682877881355,
      0.8627577720201303,
      0.8618339389583042,
      0.8611578502299561,
      0.861729093847649,
      0.8617858514828602,
      0.8603683024316743,
      0.858988198846285,
      0.859926228144972,
      0.8606304949490471,
      0.8600158949521451,
      0.8589587779969301,
      0.858577531705701,
      0.8581388611598334,
      0.8593696368797099,
      0.8581236070804732,
      0.8570008630679897,
      0.8570365257810273,
      0.8580484257160103,
      0.8571041841986818,
      0.8573165800668483,
      0.8559500892038316,
      0.8569494880108989,
      0.85734759889764,
      0.8573798177400194,
      0.856636122369516,
      0.855258571277487,
      0.8534387537230613,
      0.8559121104505755
    ],
    "valid_loss": [
      1.0248158870877777,
      1.0018810722781022,
      1.0002294436938892,
      0.9809142838515023,
      0.9699360119038168,
      0.9608399540000804,
      0.9531539993298109,
      0.9489626169413228,
      0.943864482390066,
      0.9369857743944844,
      0.9370999915273737,
      0.9378931820867115,
      0.9336959182396737,
      0.930081461313886,
      0.9320451728195126,
      0.9277264448301097,
      0.9286349484361948,
      0.9283303589786964,
      0.9243115248951826,
      0.9224543006128267,
      0.9213019190896846,
      0.9221164672658574,
      0.9195250232143829,
      0.9179617962379448,
      0.9174014991358365,
      0.9171108441490464,
      0.9166904849213532,
      0.9165715197979197,
      0.9166507090054696,
      0.9152847519983365,
      0.9152743913308633,
      0.914456695022157,
      0.9135846735167038,
      0.912426400440731,
      0.9138267822826799,
      0.9116098317829868,
      0.9105282939777182,
      0.9102913075461347,
      0.9090409718035015,
      0.9080913847299508,
      0.9070940023474466,
      0.9081808984195424,
      0.9064872086768574,
      0.90546412214851,
      0.905447426293106,
      0.9068957273983584,
      0.905990767740389,
      0.9058067779099604,
      0.9043896600065727,
      0.9034578773629076,
      0.901887990898372,
      0.9028240466736455,
      0.9025617800560252,
      0.9015347785719592,
      0.900985089447211,
      0.9019080721874604,
      0.9032495350793117,
      0.9003290777728458,
      0.9006901048692743,
      0.8991963902776856,
      0.8996285788052081,
      0.900657785461972,
      0.9017989818372909,
      0.8986246136682517,
      0.8986685588644109,
      0.8999279725309139,
      0.8987335356663431,
      0.8983492287624318,
      0.8985108140793122,
      0.8962640671437799,
      0.8955431157939061,
      0.8949838252113868,
      0.8975559772096837,
      0.8964262283479518,
      0.8956988566931158,
      0.8947954385516338,
      0.8969904789009185,
      0.894480636333544,
      0.8937402192746399,
      0.8952047424884424,
      0.8950954332292445,
      0.8942454104985659,
      0.8921384016904453,
      0.8929604160417566,
      0.8930766155888012,
      0.8929349479994375,
      0.8926568864837743,
      0.8917704875568707,
      0.8924972605695103,
      0.8916544196632041,
      0.8902626638121838,
      0.8898232939735573,
      0.8908322669004791,
      0.8926201267048672,
      0.8913435441204643,
      0.8916788010304987,
      0.8909954785942441,
      0.8916646677537795,
      0.8880953148134039,
      0.8908943763277641
    ],