{
  "hyperparameters": {
    "signal": "MHc130_MA90",
    "channel": "Combined",
    "iteration": 3,
    "model_idx": 13,
    "num_hidden": 192,
    "optimizer": "Adam",
    "initial_lr": 0.0002,
    "weight_decay": 4e-05,
    "scheduler": "CyclicLR",
    "pilot_mode": false,
    "num_classes": 4,
    "model_type": "ParticleNet",
    "num_node_features": 9,
    "num_graph_features": 4,
    "dropout_p": 0.4,
    "batch_size": 512,
    "train_folds": [
      0,
      1,
      2
    ],
    "valid_folds": [
      3
    ]
  },
  "training_summary": {
    "best_epoch": 80,
    "best_train_loss": 0.8472108453843056,
    "best_valid_loss": 0.8834337124957011,
    "best_train_acc": 0.6557335685724631,
    "best_valid_acc": 0.6382391855223915,
    "total_epochs": 88
  },
  "epoch_history": {
    "train_loss": [
      1.2352520722933718,
      1.133394340692298,
      1.0320032614960382,
      0.9915372699989801,
      0.9775290749589681,
      0.9688125238263035,
      0.963428300125975,
      0.9586967417983259,
      0.9566621816361176,
      0.9515831404417742,
      0.9475506841142184,
      0.9393819752032077,
      0.9319886622541347,
      0.9295408843352504,
      0.923860673694209,
      0.919232244999358,
      0.9161067815683198,
      0.9159023966246601,
      0.9130994624352842,
      0.9139427639622019,
      0.9056082436499066,
      0.9036866440639251,
      0.895572668826601,
      0.8955365114974626,
      0.8920364117726526,
      0.8909430185187194,
      0.8929806154286763,
      0.8899193635027987,
      0.8881648149102926,
      0.8834577483555996,
      0.8830363458342333,
      0.8784361315059007,
      0.8764317715477602,
      0.8778400610651156,
      0.8787117785903877,
      0.881214124072271,
      0.8761746172069308,
      0.8750584023334422,
      0.8709494880585984,
      0.8694156251084127,
      0.8683478913929922,
      0.8693388151035262,
      0.8686209538336039,
      0.8742059715958892,
      0.8682253877290959,
      0.8678360111341611,
      0.8656164160332964,
      0.8642792225864915,
      0.8624349890111085,
      0.8619276770643733,
      0.8636277001652621,
      0.8707152624555003,
      0.8659283451162701,
      0.8645009899026989,
      0.8601020368924333,
      0.8589007131676654,
      0.8574211209663662,
      0.85719396588659,
      0.8601815724465258,
      0.8609250841423108,
      0.8624304224789274,
      0.8585797105161406,
      0.8555013066771913,
      0.854050796241372,
      0.8526440603361631,
      0.8542202733340506,
      0.8546568505164108,
      0.8611217341823506,
      0.8587532847118878,
      0.855341267376169,
      0.8524973629220753,
      0.8504230017614179,
      0.8497449515669445,
      0.8519458110254772,
      0.852430179034486,
      0.8568369960757727,
      0.8520581301453861,
      0.853057281726143,
      0.8499436964105878,
      0.8478771296769142,
      0.8472108453843056,
      0.8471503802710316,
      0.8489919959021517,
      0.8538113390369733,
      0.8550888529962484,
      0.8515264052544298,
      0.8488489164983135,
      0.8465224902912747
    ],
    "valid_loss": [
      1.2924693217551377,
      1.1918435168063661,
      1.0751450120128925,
      1.0275969001986105,
      1.0124602421853868,
      1.0048652697515201,
      0.9978089916316589,
      0.993278241993197,
      0.9907621722809173,
      0.9850696451400439,
      0.9802320326066714,
      0.9736851642647908,
      0.9660161649927123,
      0.9652582608749639,
      0.9587935530521581,
      0.9547857830706388,
      0.9515763608851099,
      0.9510316849396468,
      0.9500865211287497,
      0.9474750807341287,
      0.9413053219026415,
      0.9420919213241411,
      0.9308890025191657,
      0.9306920482955521,
      0.9269845728260102,
      0.925355432075937,
      0.9279763665696615,
      0.9247914955577663,
      0.9244098167598223,
      0.9201124811184248,
      0.9153449641284973,
      0.9135672286314238,
      0.9117951838280961,
      0.9138288295397597,
      0.9118289003523393,
      0.9183082988614888,
      0.9104139319320137,
      0.9099448347777103,
      0.90558074779398,
      0.905909734016829,
      0.9030891815213605,
      0.903946681120272,
      0.9027606966763215,
      0.9076643092124426,
      0.9032566111703668,
      0.9028289835470089,
      0.901074831541299,
      0.8998423887673731,
      0.8978683235233984,
      0.8968392831656387,
      0.900049457631744,
      0.9037931672076727,
      0.9017910977760236,
      0.8983349174670773,
      0.8962534109191779,
      0.8939034062459705,
      0.8944872365391263,
      0.8942793389171675,
      0.895447973173882,
      0.896730577510233,
      0.8978997237523069,
      0.8946500921956203,
      0.8921316610203752,
      0.8900937582595172,
      0.8878202530101242,
      0.8908477293716036,
      0.8912511442363793,
      0.8956960484298944,
      0.8945773020779333,
      0.8900052832543424,
      0.8888828399146987,
      0.8873800571513423,
      0.8886356439732245,
      0.8861565060703543,
      0.8883842822588095,
      0.892239431757152,
      0.8891324572004671,
      0.8904022794395061,
      0.8885081850255091,
      0.8841342759640842,
      0.8834337124957011,
      0.8841030030257714,
      0.8858126587560097,
      0.8916952177533667,
      0.8905340985178458,
      0.8871924096838185,
      0.8869528733341739,
      0.8835822978327782
    ],
    "train_acc": [
      0.4978986417251554,
      0.4974652726950546,
      0.5361006032496899,
      0.5720894935938426,
      0.5812383953404162,
      0.5884284690709338,
      0.5904277448631324,
      0.5935749670639537,
      0.5949116697612425,
      0.5991529080024962,
      0.6004703498540028,
      0.6060502168771235,
      0.61116782360147,
      0.6137083291601501,
      0.6166533124802577,
      0.6187643011779933,
      0.6217112105826791,
      0.6208117290846475,
      0.6234466127876608,
      0.6226087659961325,
      0.6260371965453747,
      0.6295542269852153,
      0.6313955638419995,
      0.6310989468169527,
      0.6343463254158417,
      0.6342076473262094,
      0.6333120179973343,
      0.6350031202570168,
      0.6355847977996409,
      0.6377940168108662,
      0.6389169241199719,
      0.6409065694892794,
      0.6411742952456528,
      0.6404019353297842,
      0.640392304906893,
      0.6387358721696187,
      0.64259959783354,
      0.641721303265869,
      0.6438477006402306,
      0.6447028821929629,
      0.6457641547955654,
      0.6446142823023645,
      0.6452229250290838,
      0.6426477499479957,
      0.6459220937309799,
      0.6459837284374832,
      0.6477749870952333,
      0.6483932602448439,
      0.6489807160412028,
      0.649612471782861,
      0.6481524996725656,
      0.6440826829587741,
      0.6467888317911816,
      0.6476806089509003,
      0.6499244974845335,
      0.6503540143454779,
      0.6512400132514619,
      0.6509626570721974,
      0.6499264235691118,
      0.6494969067081674,
      0.6488266292749447,
      0.6503212709076481,
      0.6519199211075757,
      0.6522685424162346,
      0.6535070148000339,
      0.6528752590583757,
      0.6526075333020024,
      0.6503154926539134,
      0.6505100271963142,
      0.6520065949135958,
      0.6537593318797815,
      0.6548013436366018,
      0.6549766173332203,
      0.6540039446212162,
      0.6537458492877339,
      0.652297433684908,
      0.6540097228749508,
      0.6528116982672943,
      0.6546934829002211,
      0.6554639167315115,
      0.6557335685724631,
      0.6560956724731697,
      0.6559993682442583,
      0.6531025370386064,
      0.6521510512569628,
      0.6537169580190605,
      0.6552424170050155,
      0.6562670940006318
    ],