{
  "hyperparameters": {
    "signal": "MHc100_MA95",
    "channel": "Combined",
    "iteration": 3,
    "model_idx": 9,
    "num_hidden": 192,
    "optimizer": "Adam",
    "initial_lr": 0.0002,
    "weight_decay": 0.00016,
    "scheduler": "CyclicLR",
    "pilot_mode": false,
    "num_classes": 4,
    "model_type": "ParticleNet",
    "num_node_features": 9,
    "num_graph_features": 4,
    "dropout_p": 0.4,
    "batch_size": 512,
    "train_folds": [
      0,
      1,
      2
    ],
    "valid_folds": [
      3
    ]
  },
  "training_summary": {
    "best_epoch": 64,
    "best_train_loss": 0.858665684850539,
    "best_valid_loss": 0.8913063930598474,
    "best_train_acc": 0.6496066935291263,
    "best_valid_acc": 0.6344829906039064,
    "total_epochs": 72
  },
  "epoch_history": {
    "train_loss": [
      1.4088882908897924,
      1.08856402941108,
      0.9828036756107059,
      0.9581153793318503,
      0.9503951832931409,
      0.9439123881882922,
      0.9404428177442256,
      0.9385069243199654,
      0.9360115266078982,
      0.9357348405913588,
      0.9323871418238706,
      0.9292019864458988,
      0.9209291428527089,
      0.9163857027059991,
      0.9125234609785495,
      0.9104656411044606,
      0.9075100330117754,
      0.907794291581294,
      0.9091331675251814,
      0.9088433042224986,
      0.9047424813540682,
      0.9024388810078886,
      0.8970842053592896,
      0.894814350726666,
      0.8909122852310832,
      0.892764018333343,
      0.8913842134228026,
      0.8926232600174074,
      0.890523871672927,
      0.8840504235252996,
      0.8830701203295077,
      0.8804555750756878,
      0.8778388995779379,
      0.8787142685828384,
      0.8834788649159534,
      0.8866811377034676,
      0.8785732562515676,
      0.8767859094277758,
      0.8745028576250276,
      0.8707465725677901,
      0.8696441924964068,
      0.8703929072193389,
      0.8719088988916657,
      0.8755507319730529,
      0.876939021208498,
      0.8700710715603336,
      0.8702922695187127,
      0.8653575442014145,
      0.8639827446225705,
      0.866918529688247,
      0.870445874174195,
      0.8726960544660685,
      0.8711047620849802,
      0.870487241712593,
      0.8651420820892435,
      0.8634870011210409,
      0.8621581536341839,
      0.8655490025771071,
      0.8652308378922974,
      0.8715729015874978,
      0.8681163560144954,
      0.8663764692232148,
      0.8646933273248656,
      0.8611461530155367,
      0.858665684850539,
      0.8598556920201925,
      0.8627855626034426,
      0.86595925192264,
      0.8681044693337464,
      0.8655984779085233,
      0.8621466386047913,
      0.8611039565438079
    ],
    "valid_loss": [
      1.4473139141588247,
      1.1255847214984147,
      1.014452266609709,
      0.9919396800950817,
      0.9818077055750785,
      0.9752764966283486,
      0.9725046684578744,
      0.9711687544265647,
      0.9683456043646067,
      0.9671432209910974,
      0.9639481610855972,
      0.9633400625153132,
      0.9537328539978291,
      0.9490932348857556,
      0.9436115471654252,
      0.9438959588393513,
      0.9408581269430841,
      0.9417493537593331,
      0.9420793635251771,
      0.9407444409575794,
      0.93669874197144,
      0.9368669447739431,
      0.9326624520529175,
      0.9292640836593925,
      0.9266505013096478,
      0.9287233659552941,
      0.9254379351162112,
      0.9233290646831295,
      0.9223276515173083,
      0.9181838854781458,
      0.91460240314694,
      0.9131425631663019,
      0.910792830867595,
      0.9120385736267803,
      0.9152823878834836,
      0.9177023678242103,
      0.9138073043407494,
      0.908066524825296,
      0.9048106276285645,
      0.9036655935444408,
      0.9027056091902617,
      0.90415109946595,
      0.9040502857419291,
      0.9085146564143773,
      0.9084233051379007,
      0.9031193573481888,
      0.90433939630371,
      0.8995536517795378,
      0.8981886558677286,
      0.8989833819554209,
      0.901892182078105,
      0.9067655461599006,
      0.9009777427780955,
      0.902501363644989,
      0.8983922320252923,
      0.8973761839483076,
      0.8942114724989517,
      0.8968292824704951,
      0.897580337361879,
      0.9049373723631192,
      0.9011212825999702,
      0.8972411274287101,
      0.8977545667068365,
      0.8931486608683054,
      0.8913063930598474,
      0.8938515760475518,
      0.8945748418107757,
      0.8981490429146036,
      0.9008974177072869,
      0.8998571241080789,
      0.8960971049968605,
      0.8947277716237869
    ],
    "train_acc": [
      0.4955449663705633,
      0.5384658351117514,
      0.5878910914736087,
      0.5991028298034623,
      0.6023848779247595,
      0.6039161151644491,
      0.605790195459063,
      0.6070209635045494,
      0.6089509002519319,
      0.609361156267094,
      0.6097251862523787,
      0.6132807383837839,
      0.6172831421373375,
      0.6201741950892548,
      0.6223622271701195,
      0.6240051773153463,
      0.6252975800673359,
      0.625349584350948,
      0.6254035147191384,
      0.6257598403661102,
      0.6265687958889651,
      0.6272487037450789,
      0.6309602687273204,
      0.6321563672503987,
      0.6343559558387328,
      0.632815088176152,
      0.634051634475373,
      0.6328882793901246,
      0.6335470003158779,
      0.6375243649699146,
      0.6380405556368791,
      0.639591053722351,
      0.640136135657989,
      0.6403017789317165,
      0.6376534126366556,
      0.6367443007157331,
      0.6401688790958189,
      0.6410144302256601,
      0.6421720070571739,
      0.6439555613766111,
      0.6445738345262217,
      0.6444544172823717,
      0.6426689368783562,
      0.6422336417636771,
      0.6407813739916948,
      0.6444158955908071,
      0.6439074092621555,
      0.6464267278904752,
      0.6475380786921116,
      0.6454579073476274,
      0.6440249004214273,
      0.6431832014607426,
      0.6441616524264814,
      0.643970970053237,
      0.6464190235521622,
      0.6476170481598188,
      0.6481428692496745,
      0.646051141397721,
      0.6465769624875768,
      0.6439305222770942,
      0.6459683197608573,
      0.6458912763777283,
      0.6466405232786582,
      0.6485954991255576,
      0.6496066935291263,
      0.6493794155488956,
      0.647763430587764,
      0.6461301108654284,
      0.6453250075117298,
      0.646357388845659,
      0.6481948735332866,
      0.6483894080756875
    ],