{
  "hyperparameters": {
    "signal": "MHc100_MA95",
    "channel": "Combined",
    "iteration": 3,
    "model_idx": 6,
    "num_hidden": 192,
    "optimizer": "Adam",
    "initial_lr": 0.0002,
    "weight_decay": 0.00061,
    "scheduler": "ExponentialLR",
    "pilot_mode": false,
    "num_classes": 4,
    "model_type": "ParticleNet",
    "num_node_features": 9,
    "num_graph_features": 4,
    "dropout_p": 0.4,
    "batch_size": 512,
    "train_folds": [
      0,
      1,
      2
    ],
    "valid_folds": [
      3
    ]
  },
  "training_summary": {
    "best_epoch": 96,
    "best_train_loss": 0.8490619185073774,
    "best_valid_loss": 0.8843832065821031,
    "best_train_acc": 0.6541079531884404,
    "best_valid_acc": 0.637863566030543,
    "total_epochs": 100
  },
  "epoch_history": {
    "train_loss": [
      1.0672121185884886,
      0.9778236449680934,
      0.9563934708980303,
      0.9529552641381993,
      0.9473870210076615,
      0.9441039633293354,
      0.9377105700135487,
      0.9346431177828868,
      0.9336104318410592,
      0.9281861989326594,
      0.9258507271838395,
      0.9271976880959552,
      0.9203725490452362,
      0.9181895681715813,
      0.9144112822834934,
      0.9128229902583351,
      0.9098430505795164,
      0.906384073484908,
      0.9056377905995213,
      0.9047971718726274,
      0.9032204357597967,
      0.8994246604471123,
      0.8989735912571135,
      0.8977624233653808,
      0.8951756604143202,
      0.893160393727829,
      0.8920038780047467,
      0.8904159209489027,
      0.8893616941381741,
      0.8901516662027554,
      0.8877638209399451,
      0.8863160520541965,
      0.8844011078323762,
      0.8825232079875195,
      0.884044507821363,
      0.8808535994464457,
      0.8803186466000703,
      0.8799689906043365,
      0.878845169594605,
      0.8766238870187744,
      0.8739871322156721,
      0.8747916059460882,
      0.8748028654373907,
      0.8741845160655458,
      0.8704417498782894,
      0.8710972685297269,
      0.869845533065686,
      0.8704810095860912,
      0.8705605925237571,
      0.8667428721729287,
      0.8671725213041371,
      0.8667333745915643,
      0.8667464340855535,
      0.8660382735295443,
      0.864750900971116,
      0.8640618201798134,
      0.8626305253608368,
      0.8632930321102944,
      0.8632249670473132,
      0.8617811170766082,
      0.8612757960371488,
      0.8601417923680456,
      0.8592879775033408,
      0.8588305725439987,
      0.8595113026895301,
      0.8587660145046698,
      0.8596384625738435,
      0.8562483150826743,
      0.8568670089626339,
      0.8581582334587748,
      0.8565450077586928,
      0.8549843437604782,
      0.8558100876180366,
      0.8559435796457366,
      0.8553141925408717,
      0.8556515425013136,
      0.8560285175737616,
      0.853575020404676,
      0.8544972483066265,
      0.8541874254745516,
      0.8554157966360518,
      0.8532868627728686,
      0.8521190395173155,
      0.8531263975027799,
      0.8518504920538083,
      0.85133525846302,
      0.8514746496353873,
      0.851255559318408,
      0.8526956302287177,
      0.8530853770624656,
      0.8511935888931528,
      0.84871548142054,
      0.8502257841140751,
      0.8487214317051539,
      0.8491755465571702,
      0.8486757977109461,
      0.8490619185073774,
      0.8487756637092073,
      0.8490719047883252,
      0.8494244877722309
    ],
    "valid_loss": [
      1.0973449935264656,
      1.005195276437753,
      0.9841087336518087,
      0.9839015372402078,
      0.9755740422451645,
      0.9754828192002758,
      0.9696290853636083,
      0.9653965940153174,
      0.9637850281785518,
      0.9595650521134815,
      0.9602288789000415,
      0.9605048835776123,
      0.9550549177344696,
      0.9514299276829824,
      0.9467900924848573,
      0.9463398870342774,
      0.9433368536323162,
      0.9382404954178999,
      0.9364465538946903,
      0.9374804239382355,
      0.9364379658856331,
      0.9321566825464468,
      0.9324659939888836,
      0.9296596565509204,
      0.9282492152445813,
      0.9248729994353005,
      0.9262672078544506,
      0.9225658587580923,
      0.9225176440232045,
      0.9238324590394741,
      0.9199660301229883,
      0.9212161593605825,
      0.9162621536068395,
      0.9140053046911736,
      0.9158394033176955,
      0.9143938846411485,
      0.9148748682391776,
      0.9112964578201287,
      0.9130419670681381,
      0.9108382897781961,
      0.9084530856624154,
      0.907917532124095,
      0.9099146347417163,
      0.9086108904143875,
      0.904171817379106,
      0.9047292823510061,
      0.9047135744519792,
      0.9048277317035399,
      0.9035762118504063,
      0.9007705887111483,
      0.901422164547781,
      0.9011589213512362,
      0.9012169026452727,
      0.9020034854710898,
      0.8992222006701146,
      0.8984487339938783,
      0.8971794535953183,
      0.8988821917489327,
      0.8971501149094637,
      0.8973833210327732,
      0.8961433471552397,
      0.8941819851363128,
      0.8950025476220398,
      0.8939788059064129,
      0.8944195601158116,
      0.8928783722912725,
      0.8943372634950314,
      0.8907225086168616,
      0.8908332551990352,
      0.89165192149972,
      0.8914608359029427,
      0.8902766180437305,
      0.8923283268726193,
      0.892140350143333,
      0.8901440028003548,
      0.8901001519600605,
      0.8916404314703895,
      0.8893618462312578,
      0.8896499891107686,
      0.8924393821858142,
      0.8916047341573413,
      0.8875846579639829,
      0.8891627994973889,
      0.8885174110273502,
      0.8885166223902526,
      0.8876881761854374,
      0.8872825346762303,
      0.888487986625651,
      0.8874855045781144,
      0.8898893436778085,
      0.8879115503934052,
      0.8854548270983644,
      0.8867606174851465,
      0.8860647064538161,
      0.8844746782200502,
      0.884520729100357,
      0.8843832065821031,
      0.885354735628711,
      0.8867628233422024,
      0.8869510473813756
    ],