{
  "hyperparameters": {
    "signal": "MHc160_MA85",
    "channel": "Combined",
    "iteration": 3,
    "model_idx": 0,
    "num_hidden": 192,
    "optimizer": "Adam",
    "initial_lr": 0.0009,
    "weight_decay": 2e-05,
    "scheduler": "ExponentialLR",
    "pilot_mode": false,
    "num_classes": 4,
    "model_type": "ParticleNet",
    "num_node_features": 9,
    "num_graph_features": 4,
    "dropout_p": 0.4,
    "batch_size": 512,
    "train_folds": [
      0,
      1,
      2
    ],
    "valid_folds": [
      3
    ]
  },
  "training_summary": {
    "best_epoch": 66,
    "best_train_loss": 0.8917001141239322,
    "best_valid_loss": 0.928771369651271,
    "best_train_acc": 0.6336240436990069,
    "best_valid_acc": 0.614894714417061,
    "total_epochs": 74
  },
  "epoch_history": {
    "train_loss": [
      1.0180308225750991,
      0.9951767656242283,
      0.9904914612375046,
      0.9781529404300974,
      0.9730893017350284,
      0.9678323608139573,
      0.9589297484481627,
      0.9555339164472759,
      0.9484973482737842,
      0.9449085655001678,
      0.942301565134418,
      0.9377734775189508,
      0.9351390074872438,
      0.9336334228225401,
      0.9297054318353735,
      0.9303797591056504,
      0.9266218747297439,
      0.9283699650602344,
      0.9231120321186119,
      0.9218956992190065,
      0.9200157284166289,
      0.9185107440608007,
      0.9186272855096943,
      0.9178824176547481,
      0.9167970165122283,
      0.9146923903395008,
      0.9138901393296003,
      0.9128025329167102,
      0.9116917159829804,
      0.9118891168678694,
      0.9106028127891813,
      0.9106130895672889,
      0.9101738118886208,
      0.9085379143426614,
      0.9080753471711436,
      0.9068777101881553,
      0.9087693179229663,
      0.9057846342935846,
      0.9033616491553146,
      0.9041216519124763,
      0.9041097741276277,
      0.9026584662128238,
      0.9028420877099212,
      0.9029203551674699,
      0.9024545187755317,
      0.9013011940925455,
      0.9012121680951164,
      0.9001876929003271,
      0.9003675394185264,
      0.9008863856026719,
      0.8998554709736555,
      0.8994833598444796,
      0.8987936491359975,
      0.8977639569355763,
      0.8977095492820346,
      0.8957870921444842,
      0.8964073529244168,
      0.8957695298039965,
      0.8960918382884635,
      0.8951518914465851,
      0.8961009541194296,
      0.8951304045849652,
      0.8932623059117523,
      0.8940277105744479,
      0.8948741438807684,
      0.893313663812595,
      0.8917001141239322,
      0.8928955589241591,
      0.8924830765588512,
      0.8922176322326293,
      0.8925209905206365,
      0.8905754378770719,
      0.8910229212220309,
      0.8911650917892416
    ],
    "valid_loss": [
      1.0591938213926415,
      1.0311892148055244,
      1.0264392409918006,
      1.016818356605403,
      1.009233386577575,
      1.002985602546021,
      0.9936863130589946,
      0.9901956920039081,
      0.9826284897928108,
      0.9792436978651938,
      0.9782844189130655,
      0.9698124794603621,
      0.9700732470772382,
      0.9685527803310112,
      0.9628485661512363,
      0.9643248858156821,
      0.9626277099531358,
      0.9626113528549621,
      0.9572000168846184,
      0.9569292776578155,
      0.9560888043736973,
      0.9542029683648159,
      0.9545720246064164,
      0.9524797265021122,
      0.9504602364798937,
      0.9506796807618108,
      0.9481365671872777,
      0.949047931238885,
      0.9482472021335459,
      0.9469577590072906,
      0.9449449357444738,
      0.9485630372190091,
      0.9477238674658695,
      0.9436404100513516,
      0.9456176215458753,
      0.9440233253987311,
      0.9437506824589474,
      0.9409499908892782,
      0.9393617574700198,
      0.9413679127758083,
      0.9415995625833876,
      0.939983490847735,
      0.9391275925610949,
      0.9406318805699627,
      0.9393635276476379,
      0.9375352634300502,
      0.9402992036041985,
      0.9375098507351878,
      0.9367799941763046,
      0.9377427284521823,
      0.9374121494715376,
      0.9376282188417752,
      0.9363957805161766,
      0.9364415155652474,
      0.9362195885179021,
      0.934125436744299,
      0.933796009024969,
      0.9336422328321504,
      0.9346126314903641,
      0.9329103900095979,
      0.9328856294224038,
      0.9337103085783821,
      0.9318310778222236,
      0.9307434877255294,
      0.9319736526992604,
      0.9319571811422043,
      0.928771369651271,
      0.9316006128095028,
      0.9314924430064433,
      0.9325810382540104,
      0.9296660850681792,
      0.9291051497166528,
      0.9292730881858625,
      0.9300827822104499
    ],
    "train_acc": [
      0.5650958804903041,
      0.580529596215629,
      0.5802541661209427,
      0.5880471043244451,
      0.5913753784756196,
      0.5945091180843933,
      0.5995284944952503,
      0.601452652988898,
      0.6041510974829927,
      0.6065490727828841,
      0.608900822052898,
      0.6101585552824795,
      0.6117263881291555,
      0.6130842777568049,
      0.6140376896230267,
      0.614133993851938,
      0.6158173917733075,
      0.614253411095788,
      0.6177261415903296,
      0.6179418630630908,
      0.6191398876707473,
      0.6202801297410572,
      0.6208637333682596,
      0.6203244296863564,
      0.6213086589058299,
      0.6219673798315831,
      0.622119540513263,
      0.6228880482599752,
      0.6232039261308042,
      0.6235698822006672,
      0.6246215243803785,
      0.6234042389269397,
      0.6242478639722028,
      0.6247890937386843,
      0.6255460449779271,
      0.625630792699369,
      0.6246388591415826,
      0.6262683266947618,
      0.628340793700933,
      0.6271678081927934,
      0.6275106512477175,
      0.6280711418599814,
      0.6274759817253095,
      0.6277321509742135,
      0.6280403245067298,
      0.6289166929898226,
      0.6286874889250137,
      0.6287626062235645,
      0.6292537577910121,
      0.6292768708059508,
      0.6294386619105218,
      0.6294328836567872,
      0.6299182569705001,
      0.6307156559858856,
      0.6298855135326702,
      0.6316555852600599,
      0.6314167507723599,
      0.6318539719716172,
      0.6318231546183656,
      0.6319945761458278,
      0.6312530335832107,
      0.6313955638419995,
      0.6327033752706149,
      0.6327765664845875,
      0.6322911931708746,
      0.6329672488578318,
      0.6336240436990069,
      0.6330173270568658,
      0.633096296524573,
      0.6325916623650778,
      0.6334526221715447,
      0.6338359130026118,
      0.6338686564404417,
      0.6338898433708021
    ],