{
  "hyperparameters": {
    "signal": "MHc160_MA85",
    "channel": "Combined",
    "iteration": 3,
    "model_idx": 1,
    "num_hidden": 192,
    "optimizer": "Adam",
    "initial_lr": 0.0003,
    "weight_decay": 1e-05,
    "scheduler": "ReduceLROnPlateau",
    "pilot_mode": false,
    "num_classes": 4,
    "model_type": "ParticleNet",
    "num_node_features": 9,
    "num_graph_features": 4,
    "dropout_p": 0.4,
    "batch_size": 512,
    "train_folds": [
      0,
      1,
      2
    ],
    "valid_folds": [
      3
    ]
  },
  "training_summary": {
    "best_epoch": 99,
    "best_train_loss": 0.8890162678225283,
    "best_valid_loss": 0.9281807452225732,
    "best_train_acc": 0.6351649113615877,
    "best_valid_acc": 0.6156683784450474,
    "total_epochs": 100
  },
  "epoch_history": {
    "train_loss": [
      1.0715456935679162,
      1.0259449247268841,
      1.0096470235743191,
      1.0004738901997177,
      0.9906089169454287,
      0.9859781930862435,
      0.9783235144738059,
      0.9752041301480274,
      0.9704684464793008,
      0.9708648710538066,
      0.9656945322682539,
      0.9628701742453457,
      0.9600575699496116,
      0.9567580336858443,
      0.9544989143899186,
      0.9496928024934157,
      0.9485462054549292,
      0.9458822265369662,
      0.9441148765877142,
      0.943357833373348,
      0.9404006657997568,
      0.9372956811795328,
      0.9354982574938445,
      0.9328394532401136,
      0.9313299120598957,
      0.9299918256542585,
      0.9270022393404453,
      0.9250891015650076,
      0.9249120477790732,
      0.9242469451055992,
      0.9218586076899137,
      0.919401127479256,
      0.9192813994519929,
      0.9204288318546481,
      0.9186094470968879,
      0.9159959132369542,
      0.9152445709464633,
      0.914843553684764,
      0.9141868291805322,
      0.9116801387447384,
      0.9107398541433595,
      0.9123259117839577,
      0.9098658375228781,
      0.909139120170157,
      0.9086366616598697,
      0.9066577501136897,
      0.9078526538804292,
      0.9072402355447695,
      0.9056665736974997,
      0.9048939947051603,
      0.9053104150796444,
      0.9034199340309108,
      0.9046478120237538,
      0.9023878594962509,
      0.9031481307358368,
      0.9029838368304085,
      0.9009993012052823,
      0.9006961188000443,
      0.8994032684720347,
      0.89910122009663,
      0.89928580213238,
      0.8989533797568084,
      0.898992857187317,
      0.8987774619698186,
      0.8969806156543305,
      0.8990253932292523,
      0.8972436323053258,
      0.8963806152130674,
      0.8967113256595906,
      0.8976281215003193,
      0.8961930018133978,
      0.8956629107244344,
      0.8963100342432516,
      0.8948830974253836,
      0.8951969454512341,
      0.8957225059277628,
      0.8937016686185492,
      0.8949868604286535,
      0.8930498924611868,
      0.8938063070588684,
      0.8927333581838577,
      0.8924584946659975,
      0.8928037171676206,
      0.8916942049500237,
      0.8917218749822221,
      0.8916771842216333,
      0.8931240632014068,
      0.8929227230215414,
      0.890838871371626,
      0.8903334402144026,
      0.8911934652294473,
      0.8911671870079749,
      0.8906845097343539,
      0.8910307488483752,
      0.8907918128706305,
      0.8906079380525298,
      0.8894420726885776,
      0.8886891083078965,
      0.8907715142334843,
      0.8890162678225283
    ],
    "valid_loss": [
      1.119898748283411,
      1.0682349180743766,
      1.0461422808569758,
      1.0373302463395222,
      1.0271497309880244,
      1.0234014982331683,
      1.0149313836211813,
      1.0091187983515382,
      1.0056891133063304,
      1.00586053481579,
      1.0036794274829528,
      0.9992461332525149,
      0.9977365252153253,
      0.9932676306795915,
      0.9922579022213922,
      0.9866982416543851,
      0.9847358123790931,
      0.9811830353603749,
      0.9816085378809257,
      0.9785027434996826,
      0.9760187197936679,
      0.9724970976615004,
      0.9730335546379798,
      0.9675944076400188,
      0.967973813513819,
      0.9654949064106982,
      0.9628305647117795,
      0.9623185652374266,
      0.9612883993673236,
      0.962150605809752,
      0.9592506722298478,
      0.9564665348534681,
      0.9567137004265543,
      0.9559390898458523,
      0.9556576916570152,
      0.9520360581250852,
      0.9525838715099875,
      0.9508087689093875,
      0.9514472685458402,
      0.9484789978804774,
      0.9472075644059754,
      0.9472741107830749,
      0.9460527051645458,
      0.9453983561380412,
      0.9469231755724989,
      0.9434918862209535,
      0.9439740322011153,
      0.9445152995302654,
      0.9432591393874343,
      0.9427255869975706,
      0.9411936475020537,
      0.9406381510860586,
      0.9426520345050259,
      0.940443475004819,
      0.9399564805190257,
      0.9399658439912882,
      0.9382460274261248,
      0.9398628319381499,
      0.9374140278632708,
      0.9370698316974146,
      0.937571111472957,
      0.9383105104637304,
      0.9375855043780081,
      0.9365508468094472,
      0.9368289257762406,
      0.9370407741116256,
      0.9355174252770533,
      0.9346697214080522,
      0.9359491047277381,
      0.935424299203542,
      0.9346089389510087,
      0.9343676083856701,
      0.9358152312065592,
      0.933072610838464,
      0.9334117717544884,
      0.9342844035362248,
      0.9325198359433088,
      0.9326917322261595,
      0.9306955161943804,
      0.9324282260650374,
      0.9305452838641327,
      0.9327217858950775,
      0.9317741073250136,
      0.9318720499959628,
      0.9309103074404315,
      0.9305115070308372,
      0.9348116049123779,
      0.9314666076349458,
      0.9313370489912157,
      0.9290376006694785,
      0.9309041249498886,
      0.9294899988887668,
      0.9288997418747922,
      0.9308534016150565,
      0.9294468380524674,
      0.9297382975021348,
      0.9285131749639951,
      0.9294361930342283,
      0.9312952783427321,
      0.9281807452225732
    ],