{
  "hyperparameters": {
    "signal": "MHc160_MA98",
    "channel": "Combined",
    "iteration": 3,
    "model_idx": 0,
    "num_hidden": 192,
    "optimizer": "Adam",
    "initial_lr": 0.0001,
    "weight_decay": 0.00084,
    "scheduler": "ReduceLROnPlateau",
    "pilot_mode": false,
    "num_classes": 4,
    "model_type": "ParticleNet",
    "num_node_features": 9,
    "num_graph_features": 4,
    "dropout_p": 0.4,
    "batch_size": 512,
    "train_folds": [
      0,
      1,
      2
    ],
    "valid_folds": [
      3
    ]
  },
  "training_summary": {
    "best_epoch": 73,
    "best_train_loss": 0.8890536352567858,
    "best_valid_loss": 0.9285924545923513,
    "best_train_acc": 0.6375648127460573,
    "best_valid_acc": 0.6188527347341511,
    "total_epochs": 81
  },
  "epoch_history": {
    "train_loss": [
      1.1454063111035167,
      1.0870960379157129,
      1.0435778628079162,
      1.028375660433494,
      1.0211216206019635,
      1.012798273334788,
      1.0043600786531026,
      0.9992337042281876,
      0.9965524583180373,
      0.9902218443960338,
      0.9859978141434342,
      0.978336758575637,
      0.9768962142373764,
      0.970893263005861,
      0.9660876279832534,
      0.9620393008882048,
      0.9577187713581549,
      0.9533892207606117,
      0.9513249758808104,
      0.948105343218578,
      0.9463047969983903,
      0.9394233451772785,
      0.9392803692748438,
      0.9340705743259173,
      0.9306950014899482,
      0.9291502487196842,
      0.9278344806291663,
      0.9226250598682962,
      0.9189535255082097,
      0.9163195485992386,
      0.9162303992494881,
      0.9148620690162571,
      0.9126935363705815,
      0.9143693487983114,
      0.911122333425114,
      0.9095189573217473,
      0.9084213303631716,
      0.9096643178232658,
      0.90753902913929,
      0.904159781335797,
      0.9040036585968041,
      0.9040812588526417,
      0.9020946893028764,
      0.9017916622241364,
      0.9006133183145935,
      0.9007210063147416,
      0.900653546904054,
      0.8993241601158661,
      0.897112213224463,
      0.8984813923356224,
      0.895514277942291,
      0.8979192215756169,
      0.8971455720499306,
      0.8980631132653474,
      0.898322338648193,
      0.896700503645266,
      0.8979377387145776,
      0.8960433038945945,
      0.8957051273758785,
      0.8955337286879012,
      0.8929667963831337,
      0.8931011338354703,
      0.8935734948440603,
      0.8957348917359345,
      0.8917773144665255,
      0.894535379237052,
      0.8921471258759608,
      0.8917962851108819,
      0.8919126874398703,
      0.8922411715527794,
      0.8922889392644145,
      0.8902694779873221,
      0.8918751073636534,
      0.8890536352567858,
      0.8915037477424324,
      0.8893448020779705,
      0.8890448812224363,
      0.8896649833566695,
      0.8898559989927877,
      0.8896764138410268,
      0.8901478576479409
    ],
    "valid_loss": [
      1.1936231214563393,
      1.1340030030034614,
      1.0890380305558256,
      1.0722316665551892,
      1.0633245621307532,
      1.0553713674418896,
      1.0448220970518742,
      1.0377172647555368,
      1.0341279141032986,
      1.0272779715581675,
      1.0238286009539086,
      1.0152987199854797,
      1.0134663559499577,
      1.0081037538000759,
      1.001717107448313,
      0.997958226766696,
      0.9965714538121174,
      0.9926049915964118,
      0.9896466445503682,
      0.9855627059466028,
      0.983354061500454,
      0.9767889462056694,
      0.9795162362692866,
      0.9718774491805573,
      0.9694244444304775,
      0.9674921567641117,
      0.9662299548518598,
      0.9612833072302296,
      0.9574667588616482,
      0.9568320800816836,
      0.955084526827295,
      0.9550654650605984,
      0.9523334539530349,
      0.9512994306132886,
      0.9505878465851914,
      0.9487751502298666,
      0.9482641660006677,
      0.9487636846663361,
      0.9475431995093723,
      0.9443827283424386,
      0.9430758779705957,
      0.9427026604043818,
      0.942727032447298,
      0.9408264692244627,
      0.9396207863042031,
      0.9395995826679274,
      0.9416816082158562,
      0.9365803474315233,
      0.9374645556427926,
      0.9368665850582477,
      0.9360523078023145,
      0.9381573032290783,
      0.9371140798930965,
      0.9351623703166149,
      0.9398791549039662,
      0.9359902390943331,
      0.9376863678035318,
      0.9369309345604906,
      0.9355845483113471,
      0.9341803130203585,
      0.9323214463642489,
      0.9341358684994636,
      0.9332089514703811,
      0.9364902726538826,
      0.9320548416865511,
      0.9350222718746946,
      0.9308488448170401,
      0.9301286409572367,
      0.9318026162267434,
      0.9333179750100967,
      0.9291313325709457,
      0.9315377870304384,
      0.9304036180712087,
      0.9285924545923513,
      0.9319614802794183,
      0.9311898224470292,
      0.9304202544730079,
      0.9290504115953728,
      0.9300750280916658,
      0.9300240399958165,
      0.9301248484160626
    ],
    "train_acc": [
      0.49683929520713116,
      0.528567686464248,
      0.5607679684430302,
      0.5656467406796767,
      0.5687708498655593,
      0.5703733522346434,
      0.5736958481320832,
      0.5766793531437553,
      0.5752155288643035,
      0.5796975276778353,
      0.581995346579659,
      0.5886904165735726,
      0.5886480427128516,
      0.5934131759593827,
      0.5966162546129725,
      0.5995323466644067,
      0.6030590075271385,
      0.6063603164942178,
      0.607741319136806,
      0.6085791659283343,
      0.6099678729092352,
      0.6144691325685494,
      0.6121019746219096,
      0.6166224951270061,
      0.6169152599828963,
      0.6185293188594497,
      0.6184503493917425,
      0.6211410895475242,
      0.6233348998821236,
      0.6239396904396866,
      0.6242786813254544,
      0.6253380278434787,
      0.62603141829164,
      0.625511375455519,
      0.6262240267494626,
      0.6277475596508394,
      0.6278689029792677,
      0.6271851429539974,
      0.6277417813971047,
      0.6300588611447105,
      0.6299779655924251,
      0.6301763523039824,
      0.6312183640608027,
      0.6308601123292527,
      0.6313820812499519,
      0.6319271631855898,
      0.6325473624197786,
      0.6325666232655608,
      0.6332118615992666,
      0.6323509017927995,
      0.6340150388683868,
      0.6333235745048037,
      0.6330982226091512,
      0.6327245622009754,
      0.6323874973997858,
      0.6334352874103407,
      0.6324587625291802,
      0.6330308096489133,
      0.6336779740671973,
      0.6345350817045078,
      0.6354576762174781,
      0.635166837446166,
      0.6350243071873772,
      0.634101712674407,
      0.6352419547447168,
      0.6351013505705062,
      0.6350011941724385,
      0.6356117629837361,
      0.6354981239936208,
      0.6355944282225321,
      0.6359449756157692,
      0.6372624174672759,
      0.6363725663921355,
      0.6375648127460573,
      0.6361318058198572,
      0.6372393044523371,
      0.6375840735918396,
      0.6368309745217532,
      0.6365150966509241,
      0.6368983874819911,
      0.6363571577155096
    ],