{
  "hyperparameters": {
    "signal": "MHc160_MA98",
    "channel": "Combined",
    "iteration": 3,
    "model_idx": 6,
    "num_hidden": 192,
    "optimizer": "Adam",
    "initial_lr": 0.0003,
    "weight_decay": 0.0003,
    "scheduler": "ReduceLROnPlateau",
    "pilot_mode": false,
    "num_classes": 4,
    "model_type": "ParticleNet",
    "num_node_features": 9,
    "num_graph_features": 4,
    "dropout_p": 0.4,
    "batch_size": 512,
    "train_folds": [
      0,
      1,
      2
    ],
    "valid_folds": [
      3
    ]
  },
  "training_summary": {
    "best_epoch": 73,
    "best_train_loss": 0.9049521681018813,
    "best_valid_loss": 0.9400464936188978,
    "best_train_acc": 0.6300761959059146,
    "best_valid_acc": 0.6137566434193708,
    "total_epochs": 81
  },
  "epoch_history": {
    "train_loss": [
      1.0928274639468532,
      1.02436814633327,
      1.0102732710178262,
      1.0012238290338065,
      0.9924308266510358,
      0.9864777400802085,
      0.9806758313915339,
      0.9763413516275863,
      0.9660977328517144,
      0.9636146756472418,
      0.9575286469964707,
      0.9563473313951573,
      0.9501076706921757,
      0.9485497986069877,
      0.9467586786448288,
      0.9455014327151451,
      0.9419559015482288,
      0.9428550813295755,
      0.9400996236603428,
      0.937867406694926,
      0.9367668246699763,
      0.9343795945651965,
      0.9338167733445981,
      0.9343230501652495,
      0.9325149163078097,
      0.9307783961822341,
      0.9280096177352322,
      0.9292104633003045,
      0.9274290710281462,
      0.9258363977013433,
      0.924884646253178,
      0.9253648936491804,
      0.9221725353802692,
      0.92310609539919,
      0.9215808448708331,
      0.9214276667464956,
      0.9192730468462951,
      0.9191187530276347,
      0.919107666215622,
      0.9155780671194773,
      0.916822216120018,
      0.915378534976713,
      0.9161934691103596,
      0.9133009489557413,
      0.9121112668565775,
      0.9116173513073568,
      0.9128308102617213,
      0.9117987262029559,
      0.9124629123378594,
      0.9092793376234329,
      0.9107535257223168,
      0.9111992864918018,
      0.9091887987498437,
      0.9102636532964365,
      0.9095990505108441,
      0.9081566352414855,
      0.9062781823041727,
      0.9086539314165275,
      0.9079436782684911,
      0.9083891406055922,
      0.9070266776512264,
      0.9061251417604539,
      0.9072807347565931,
      0.9038918492599275,
      0.9072885083407559,
      0.9066099520259437,
      0.9028862180691984,
      0.906534165527181,
      0.9048277715215408,
      0.9070196014887523,
      0.903894922539096,
      0.9038323378246437,
      0.9036568020029645,
      0.9049521681018813,
      0.9064398590129389,
      0.9062115508018493,
      0.904859598705513,
      0.904823367861668,
      0.9050003756802459,
      0.9044027607583324,
      0.9046786355855834
    ],
    "valid_loss": [
      1.1439045156758998,
      1.0666791972224776,
      1.0500247375243281,
      1.0407732140899488,
      1.0301455949696028,
      1.0223577281806564,
      1.016048832259207,
      1.0150396841366267,
      1.0029520985149496,
      1.0007151083009191,
      0.9917433269089176,
      0.9934277872279715,
      0.9856320415104433,
      0.987496746510546,
      0.9830980804548066,
      0.9825682956270485,
      0.9779606849670923,
      0.9793268848357853,
      0.9764952702058518,
      0.9746432202690997,
      0.9748514209761259,
      0.9735298454434029,
      0.9677929460669528,
      0.9731494877986572,
      0.968741280508654,
      0.968265794957582,
      0.964546062892159,
      0.9663753142962208,
      0.9652606904315544,
      0.962450503222976,
      0.9610312780100903,
      0.9640074973230104,
      0.9585939716635695,
      0.9608463471873553,
      0.9588689361169179,
      0.960430313957929,
      0.9589351445922345,
      0.9572287618043276,
      0.9576725460089531,
      0.95277330284229,
      0.9541835034256884,
      0.9523810253058194,
      0.9520830257029879,
      0.9521283805911669,
      0.9513836448908446,
      0.9482914404060361,
      0.9505510934787752,
      0.951348775993205,
      0.9507423643654921,
      0.9454755782439469,
      0.9470318185235991,
      0.949809029939969,
      0.9466544428834724,
      0.9459343199490073,
      0.9466565442903823,
      0.9445320579188854,
      0.942485136773307,
      0.9441136728075062,
      0.9460662900138398,
      0.944128224055899,
      0.9457661300637622,
      0.9411677166626095,
      0.9441985699888424,
      0.9418331603305861,
      0.9462812981158452,
      0.9420369318723706,
      0.9402508841625303,
      0.9456686447150741,
      0.9424632201214973,
      0.9433612722971241,
      0.941984820402797,
      0.9444283478205452,
      0.9410851919795121,
      0.9400464936188978,
      0.9402070233990446,
      0.9433512213016645,
      0.9433698602206366,
      0.9419781608291546,
      0.9421375586811015,
      0.9445747200292622,
      0.9442076900862766
    ],
    "train_acc": [
      0.534311270676518,
      0.5671933865959922,
      0.5732721095248735,
      0.576182423322573,
      0.5804564050016564,
      0.5851213818501197,
      0.5884823994391242,
      0.5898402890667735,
      0.5963138593341911,
      0.6002392197046157,
      0.6045189796374338,
      0.6038891499803539,
      0.6086042050278512,
      0.6087005092567624,
      0.6105013983374038,
      0.6112679799995377,
      0.6128935953835605,
      0.6120692311840797,
      0.6149718406434663,
      0.6150874057181599,
      0.615599744215968,
      0.6170847554257802,
      0.6164953735448431,
      0.615898287325593,
      0.617824371903819,
      0.6183309321478925,
      0.6206903857562194,
      0.6181845497199473,
      0.6196984521984329,
      0.6201626385817854,
      0.6212971023983606,
      0.6210640461643951,
      0.6219808624236307,
      0.622443122722405,
      0.6229265699515397,
      0.6232944521059809,
      0.6231018436481582,
      0.6231095479864712,
      0.6237181907131906,
      0.6253958103808255,
      0.6241669684199173,
      0.6241708205890737,
      0.6242632726488285,
      0.625827253326348,
      0.6254054408037166,
      0.6262818092868094,
      0.6248950283904867,
      0.6256596839680424,
      0.6263993004460812,
      0.6275067990785611,
      0.6261951354807892,
      0.6255672319082876,
      0.6284467283527354,
      0.6267016957248627,
      0.6267979999537739,
      0.6270657257101474,
      0.6287106019399524,
      0.6281578156660015,
      0.6278592725563765,
      0.6285815542732113,
      0.6279767637156483,
      0.6290361102336726,
      0.6287086758553742,
      0.6299105526321872,
      0.6287972757459726,
      0.629662087721596,
      0.630991086080572,
      0.6284968065517693,
      0.6308793731750348,
      0.6296736442290654,
      0.6307792167769671,
      0.630326586901084,
      0.6300954567516969,
      0.6300761959059146,
      0.6296948311594259,
      0.6297795788808678,
      0.6290245537262033,
      0.6299625569157993,
      0.6302110218263904,
      0.6303766651001179,
      0.6296389747066573
    ],