{
  "hyperparameters": {
    "signal": "MHc130_MA100",
    "channel": "Combined",
    "iteration": 3,
    "model_idx": 14,
    "num_hidden": 192,
    "optimizer": "Adam",
    "initial_lr": 0.0001,
    "weight_decay": 0.00071,
    "scheduler": "ReduceLROnPlateau",
    "pilot_mode": false,
    "num_classes": 4,
    "model_type": "ParticleNet",
    "num_node_features": 9,
    "num_graph_features": 4,
    "dropout_p": 0.4,
    "batch_size": 512,
    "train_folds": [
      0,
      1,
      2
    ],
    "valid_folds": [
      3
    ]
  },
  "training_summary": {
    "best_epoch": 98,
    "best_train_loss": 0.8094127985142853,
    "best_valid_loss": 0.8533699377916317,
    "best_train_acc": 0.6793027307124707,
    "best_valid_acc": 0.6572235135758309,
    "total_epochs": 100
  },
  "epoch_history": {
    "train_loss": [
      1.155536775589095,
      1.0682366728791912,
      1.0140053103978923,
      0.9833991842702804,
      0.9671897587233808,
      0.9575514741787976,
      0.9508280349934111,
      0.9465984646998332,
      0.9368360192703002,
      0.9327291916220494,
      0.9285661323824779,
      0.9213316490957503,
      0.9177594652776215,
      0.9075853935900233,
      0.9019855057408954,
      0.8955371113457766,
      0.891245170102176,
      0.8865945182077252,
      0.8848634338243457,
      0.8779032461872556,
      0.8760723294033284,
      0.8748327881677485,
      0.8730798538479074,
      0.8716968372357203,
      0.8673684968477786,
      0.8675854704604716,
      0.8640872780889908,
      0.8621048572738758,
      0.861559641031213,
      0.8595778847183047,
      0.8540932133825742,
      0.853389836421149,
      0.8530490606844339,
      0.8514175617957948,
      0.8508972314253203,
      0.8476349012740314,
      0.8465098279614783,
      0.8439292920667113,
      0.8421369548527684,
      0.8420329514913603,
      0.8390639927278694,
      0.839170816568661,
      0.8361300008586355,
      0.8352118761446894,
      0.8349547070267396,
      0.8369352593288657,
      0.8325458111842418,
      0.8325570128569649,
      0.8317845956104322,
      0.832119913870396,
      0.8301428980203157,
      0.8294959076118378,
      0.82934319636143,
      0.8268520495371549,
      0.8272601444817543,
      0.8283757069091214,
      0.827094357314467,
      0.8256546549265158,
      0.8256093957696834,
      0.8260839979841949,
      0.8250093385438149,
      0.8233903110058398,
      0.8218705743619706,
      0.8235124684117687,
      0.8222196194623018,
      0.8213238520158924,
      0.8236926447205909,
      0.8222707545727003,
      0.8205971425233821,
      0.8201198498685776,
      0.8192273838455527,
      0.8199061897680537,
      0.8176002327712755,
      0.8178169367312671,
      0.8180139522684341,
      0.8181858169113594,
      0.8167707543532736,
      0.8161239034314237,
      0.817299778396933,
      0.8161937812119552,
      0.8158518845706197,
      0.8162443251486152,
      0.8145266803530536,
      0.8147641538609393,
      0.8153034351537193,
      0.8155985461328664,
      0.8141529993677965,
      0.813108976336263,
      0.8123236952599108,
      0.8125393366428213,
      0.8142759844237317,
      0.8124488179482073,
      0.8113090209784855,
      0.8118935593117141,
      0.812896870880535,
      0.811053319073281,
      0.8099396238128826,
      0.8105837533021142,
      0.8094127985142853,
      0.8097149635024489
    ],
    "valid_loss": [
      1.2399628328536685,
      1.1408293303132087,
      1.0784424419386553,
      1.041645138362461,
      1.0227595225881647,
      1.0106346745072015,
      1.0024814239502524,
      0.9977716530159556,
      0.9841604219772819,
      0.9809760135224899,
      0.9753909567835021,
      0.9678028497670427,
      0.9634046396302169,
      0.9536229630866385,
      0.9473500641485125,
      0.9402992931224499,
      0.9376949701616519,
      0.9319157579810184,
      0.9294929148525061,
      0.9221429327693477,
      0.9216040946627115,
      0.9205892969952834,
      0.9184662960275878,
      0.9145079162136286,
      0.9131949013562272,
      0.913688641173216,
      0.9092038290953308,
      0.9053797551327147,
      0.9063847151131204,
      0.9059515204602956,
      0.8985030193493004,
      0.8974542906094912,
      0.899113998972683,
      0.8960244078376132,
      0.8960960357802753,
      0.8932942188134736,
      0.8911737869523524,
      0.8880746907505427,
      0.8888929269468763,
      0.8861494692451367,
      0.8834800980044725,
      0.8856749278372594,
      0.8807728676721999,
      0.8792924073143484,
      0.8804353272147714,
      0.8829842024315006,
      0.8790313234039143,
      0.8775497012522911,
      0.8766756094764422,
      0.8785024638106698,
      0.8758363355702172,
      0.8754015988638978,
      0.8747144604162496,
      0.8728336567457332,
      0.8743668919042153,
      0.8736224043187956,
      0.8720655706165648,
      0.8708727150740015,
      0.8709920097472645,
      0.8711082186019415,
      0.8707192838416707,
      0.8702020739457709,
      0.8668434145871523,
      0.8699981324502684,
      0.8680916594893207,
      0.8688850795310652,
      0.8725943472924604,
      0.8680027737077953,
      0.865013643026609,
      0.8672001574474179,
      0.8656714893993349,
      0.8645022819417345,
      0.8638040328545983,
      0.8631126036243213,
      0.8628387456877197,
      0.8661135537361869,
      0.8611088333351915,
      0.8622968656934785,
      0.8621195640587975,
      0.8644276072619435,
      0.8611734711171275,
      0.8636874562919072,
      0.8588547097055703,
      0.8623848030602813,
      0.8614598335034239,
      0.8639521128750859,
      0.8605540693922422,
      0.8596305773236502,
      0.8580301758795337,
      0.8586189281382631,
      0.8597721986341721,
      0.858402573953664,
      0.8572590954071115,
      0.857607024210241,
      0.8588615333659777,
      0.855558802424821,
      0.8570816827088257,
      0.8561014817346986,
      0.8533699377916317,
      0.8549041056752005
    ],