{
  "hyperparameters": {
    "signal": "MHc130_MA100",
    "channel": "Combined",
    "iteration": 3,
    "model_idx": 8,
    "num_hidden": 192,
    "optimizer": "Adam",
    "initial_lr": 0.0004,
    "weight_decay": 1e-05,
    "scheduler": "ReduceLROnPlateau",
    "pilot_mode": false,
    "num_classes": 4,
    "model_type": "ParticleNet",
    "num_node_features": 9,
    "num_graph_features": 4,
    "dropout_p": 0.4,
    "batch_size": 512,
    "train_folds": [
      0,
      1,
      2
    ],
    "valid_folds": [
      3
    ]
  },
  "training_summary": {
    "best_epoch": 72,
    "best_train_loss": 0.808905846288772,
    "best_valid_loss": 0.8546397065922292,
    "best_train_acc": 0.6779268333277854,
    "best_valid_acc": 0.6551982002754426,
    "total_epochs": 80
  },
  "epoch_history": {
    "train_loss": [
      0.9946103475952115,
      0.9630627262207795,
      0.953179632002997,
      0.9380328572296546,
      0.9284613170830973,
      0.9195645470504547,
      0.9088606220522735,
      0.899269299532379,
      0.8923979059571547,
      0.8824209472619678,
      0.8773623134716783,
      0.8781300478887486,
      0.8677151723600766,
      0.8635534606305789,
      0.8605908141936109,
      0.8604172645874368,
      0.8518223612936777,
      0.8501469772046129,
      0.8489975620913707,
      0.8449190381144088,
      0.8463473755294576,
      0.8428326305472663,
      0.841390908028586,
      0.8385326436333588,
      0.83768042306225,
      0.8358893424385301,
      0.8374719103797753,
      0.8347832041246104,
      0.8339002973165136,
      0.8318204690534861,
      0.8314189343570813,
      0.830090489541003,
      0.8316421585486814,
      0.8284055877519961,
      0.8260282860667001,
      0.8279441105460044,
      0.8257602966230033,
      0.8249053951437945,
      0.825086171921513,
      0.824109092922263,
      0.8225763405091437,
      0.8214365679201641,
      0.8221838545897403,
      0.8213008079817906,
      0.8216243023902693,
      0.8204072362413161,
      0.8221955208171878,
      0.8195213273257722,
      0.8171935857633971,
      0.8179573823435229,
      0.8174344900734458,
      0.8181218474566015,
      0.8166036200060682,
      0.8153318342739206,
      0.8158116809045867,
      0.8148795069826825,
      0.8143012195077237,
      0.8152545280114112,
      0.8138180665605936,
      0.8137101091676716,
      0.8135418437572032,
      0.8154739864619374,
      0.814744046190936,
      0.8119145172516343,
      0.8134272593653392,
      0.8115518271388017,
      0.8116156413779667,
      0.8113929004922521,
      0.8105494356974965,
      0.8104923193138052,
      0.8100453890130672,
      0.8091428041270301,
      0.808905846288772,
      0.8111563202761348,
      0.8082658012426285,
      0.8081950521214621,
      0.8083275696581642,
      0.8094396061138184,
      0.8078396922819304,
      0.808906571471937
    ],
    "valid_loss": [
      1.055696412247252,
      1.01755068230526,
      1.0071248040472869,
      0.9880098628482541,
      0.9768026192286665,
      0.9668445120629254,
      0.9565882538889484,
      0.9449309015233338,
      0.9387051300677745,
      0.9267759837609431,
      0.9250242610077238,
      0.9278020855733696,
      0.9115328710219999,
      0.9073378696271323,
      0.9027641256497008,
      0.906369325386914,
      0.8968999587496078,
      0.896106132679102,
      0.8929348329627116,
      0.8892554570957765,
      0.8902808284367875,
      0.887987727852767,
      0.8878527794870585,
      0.8834960967738208,
      0.8821714703496445,
      0.8808634878716657,
      0.880712062250256,
      0.8797996719779028,
      0.8801219646765582,
      0.8769921949511508,
      0.8746763311776364,
      0.874575436738913,
      0.8768891328703565,
      0.8728745113216596,
      0.8701903689068011,
      0.87252356078973,
      0.8706309289403736,
      0.8723354831327064,
      0.8727415643829693,
      0.8676849345836279,
      0.8687388516483324,
      0.8677504436633485,
      0.8663806033216623,
      0.8660341086463498,
      0.8662489285747279,
      0.8670988087699608,
      0.869206752536644,
      0.8648614813235502,
      0.8650611101660224,
      0.8638435944143429,
      0.8637344668153694,
      0.8657280367491638,
      0.8640665735239604,
      0.8624540339118325,
      0.8626173789021483,
      0.862468457726995,
      0.8617440867272018,
      0.861391182122428,
      0.8614881680351082,
      0.8596514223838295,
      0.8605804375846396,
      0.8597853487361594,
      0.860903205536632,
      0.859522000383355,
      0.8609757111480218,
      0.8596780772686662,
      0.8583011496806882,
      0.857634497618632,
      0.8564086188155342,
      0.8591590836988776,
      0.8579417534652575,
      0.8568859835020888,
      0.8546397065922292,
      0.8569980159658466,
      0.8560279282458031,
      0.8564044262595355,
      0.8561991906067867,
      0.8577031304573308,
      0.8567302030082645,
      0.8583113823661825
    ],
    "train_acc": [
      0.5833605184026275,
      0.5977142349899581,
      0.6016022546963594,
      0.6115730723566681,
      0.6175138421934467,
      0.6235211877101295,
      0.629637273503989,
      0.6365300755633967,
      0.6404957668963528,
      0.6455022580251434,
      0.6473508427371482,
      0.6483561355037005,
      0.6514940692165152,
      0.6533648458218213,
      0.655326609189663,
      0.6554752948747823,
      0.6585932558836257,
      0.6597760837965891,
      0.6602132640946262,
      0.661837710684287,
      0.6617134360817993,
      0.6627542358776339,
      0.6636175005270575,
      0.6645051762591125,
      0.6648380546586332,
      0.6660497320328884,
      0.6654261398311196,
      0.6673368618443682,
      0.6666955161279584,
      0.6676186988892957,
      0.6678605905262808,
      0.6686816905784317,
      0.6677296583558027,
      0.6695360784705348,
      0.6701175060750308,
      0.6695627087424963,
      0.6701130676963705,
      0.6706922761115365,
      0.6707721669274214,
      0.6709119758552201,
      0.6713380602066066,
      0.6717108840140696,
      0.6718218434805765,
      0.6721036805255041,
      0.6722212975600014,
      0.6729713835535879,
      0.6723100651332068,
      0.6727938484071768,
      0.6740610055146855,
      0.6733042619531086,
      0.6743361849916225,
      0.6734130022302853,
      0.6741764033598526,
      0.674842160158894,
      0.6744471444581295,
      0.675696548050997,
      0.675230518291668,
      0.6747755844789898,
      0.6755323280405667,
      0.6753503545154955,
      0.6758696448187477,
      0.6750529831452571,
      0.6746446523085117,
      0.6769992121877878,
      0.6754191493847298,
      0.6764333189086027,
      0.6765731278364013,
      0.6766618954096069,
      0.676890471910611,
      0.6774008854565428,
      0.677261076528744,
      0.67784028494391,
      0.6779268333277854,
      0.6770458151637206,
      0.6779645595463977,
      0.6782131087513731,
      0.6781531906394594,
      0.6769326365078837,
      0.6782819036206074,
      0.6782131087513731
    ],