{
  "hyperparameters": {
    "signal": "MHc115_MA87",
    "channel": "Combined",
    "iteration": 3,
    "model_idx": 6,
    "num_hidden": 192,
    "optimizer": "Adam",
    "initial_lr": 0.0002,
    "weight_decay": 5e-05,
    "scheduler": "ReduceLROnPlateau",
    "pilot_mode": false,
    "num_classes": 4,
    "model_type": "ParticleNet",
    "num_node_features": 9,
    "num_graph_features": 4,
    "dropout_p": 0.4,
    "batch_size": 512,
    "train_folds": [
      0,
      1,
      2
    ],
    "valid_folds": [
      3
    ]
  },
  "training_summary": {
    "best_epoch": 96,
    "best_train_loss": 0.8383548145776475,
    "best_valid_loss": 0.8782698295288209,
    "best_train_acc": 0.6578445572701989,
    "best_valid_acc": 0.6391754311214765,
    "total_epochs": 100
  },
  "epoch_history": {
    "train_loss": [
      1.0763222577359768,
      1.0105034610378834,
      0.9867893784474363,
      0.9808026227912329,
      0.970686133312325,
      0.9627714768796373,
      0.959244461328927,
      0.9564643513196859,
      0.9496125742346841,
      0.945366484702432,
      0.9426487188197354,
      0.9356651880060067,
      0.9331919473458375,
      0.9273265135654049,
      0.9229261567827978,
      0.9189555051555496,
      0.9145797843704306,
      0.9109953252339947,
      0.9111314156103631,
      0.9055755100576323,
      0.9007724493116769,
      0.8957794011344085,
      0.8955785036592172,
      0.8913649819924546,
      0.8913491771736528,
      0.8872651374122298,
      0.8835061237878298,
      0.8822060792021106,
      0.8836688978939823,
      0.8785499010763713,
      0.876684790204168,
      0.8754680482400948,
      0.873295174486888,
      0.8729742684503883,
      0.8729292859105131,
      0.8706319650578769,
      0.8689742924749254,
      0.8674015694987381,
      0.8662645331486887,
      0.8640066075786247,
      0.8655353595447505,
      0.863838587927587,
      0.8644918378709473,
      0.8603686472649128,
      0.8605348197629713,
      0.8600330805384865,
      0.8578414351387059,
      0.8588052901692518,
      0.8589400530359238,
      0.8595359897626751,
      0.8551086317935679,
      0.8557137706835827,
      0.8541467538608037,
      0.8557448592525021,
      0.8525902875262527,
      0.8536287208883266,
      0.8512991706111755,
      0.8521144274696452,
      0.8524221450794613,
      0.8504318833893927,
      0.8507950237699469,
      0.8488104378810548,
      0.8507430153332002,
      0.8497072413861184,
      0.8503364395206053,
      0.8492788719879455,
      0.8484695289267545,
      0.8472642327939821,
      0.8487903240060465,
      0.8475004987819466,
      0.846358925447404,
      0.8485141133020737,
      0.8458106657411278,
      0.848039448089974,
      0.845972580021682,
      0.8461607012058832,
      0.8444913387834946,
      0.8459123328699063,
      0.8435096430716233,
      0.8442857526912325,
      0.8447775616295304,
      0.8459653096776654,
      0.8423768965679257,
      0.8442663692480772,
      0.8444810613900398,
      0.8431734420765022,
      0.8446618888598878,
      0.8432907778927443,
      0.8435230516328075,
      0.8426749924101229,
      0.8428692206051214,
      0.8405920278300748,
      0.8415735163774956,
      0.8434329945118068,
      0.838542689479683,
      0.8385765792616382,
      0.8383548145776475,
      0.8371990253335012,
      0.8386223014709223,
      0.8363836486164131
    ],
    "valid_loss": [
      1.1302044037209467,
      1.0541850090818143,
      1.0259012302659336,
      1.0185428837780526,
      1.0070859592413706,
      0.9978833981174942,
      0.9939971646492028,
      0.990719253194096,
      0.98539277197489,
      0.9815701145987104,
      0.977383040500725,
      0.9717886793026116,
      0.970605780714613,
      0.9639280065701985,
      0.9577924282577064,
      0.9550070623730981,
      0.9510223048717018,
      0.9471688141717061,
      0.9459084999755657,
      0.9424001490856199,
      0.9390848342984132,
      0.9323851044937806,
      0.9332885217798151,
      0.9294191492683052,
      0.92961951099615,
      0.9253724125387413,
      0.9216701786529806,
      0.9184258833781191,
      0.9222812302282118,
      0.915138045224082,
      0.9137363486447915,
      0.9121637711988937,
      0.9121825947234473,
      0.9111815601787123,
      0.9106263234765938,
      0.9086933265586632,
      0.9057882989596805,
      0.9067639189275685,
      0.901892820669702,
      0.9002436593673165,
      0.9030919064639905,
      0.8997584387375657,
      0.901236095552079,
      0.8987832121900066,
      0.8967770591939265,
      0.8971493975311472,
      0.896336975655408,
      0.8989931066831844,
      0.8974871766427418,
      0.8963725449079579,
      0.8941229820101761,
      0.8933835449519868,
      0.8902741155174638,
      0.8930652621744448,
      0.8910827747926932,
      0.8916690834884946,
      0.8892657909342412,
      0.8919734217865919,
      0.8898011578994507,
      0.8894143794364742,
      0.8892432984806846,
      0.8870028424209,
      0.8888565040208389,
      0.8889834674933325,
      0.8900721082507093,
      0.8855752228722826,
      0.8865220003138958,
      0.885770697684901,
      0.8871156229151717,
      0.8877140173739783,
      0.8861454737054639,
      0.8863904931317335,
      0.8848549808595184,
      0.886913733443545,
      0.8851158428322594,
      0.8877137462826492,
      0.8825285626717411,
      0.8847830026471024,
      0.8823957579467328,
      0.882495845224693,
      0.8842130983557241,
      0.8857878568506988,
      0.8822588640113396,
      0.8834509964712967,
      0.8823769310859336,
      0.8832355858812184,
      0.8820698059108036,
      0.8835056149154642,
      0.8829301752796156,
      0.8822997670649166,
      0.882141843063556,
      0.8807738147612668,
      0.8809436642147614,
      0.8827428998462319,
      0.8799553894401573,
      0.8790443561901181,
      0.8782698295288209,
      0.8783313394584619,
      0.8802390220579984,
      0.8789486118482864
    ],