{
  "hyperparameters": {
    "signal": "MHc115_MA87",
    "channel": "Combined",
    "iteration": 3,
    "model_idx": 10,
    "num_hidden": 192,
    "optimizer": "Adam",
    "initial_lr": 0.0008,
    "weight_decay": 0.00092,
    "scheduler": "ExponentialLR",
    "pilot_mode": false,
    "num_classes": 4,
    "model_type": "ParticleNet",
    "num_node_features": 9,
    "num_graph_features": 4,
    "dropout_p": 0.4,
    "batch_size": 512,
    "train_folds": [
      0,
      1,
      2
    ],
    "valid_folds": [
      3
    ]
  },
  "training_summary": {
    "best_epoch": 64,
    "best_train_loss": 0.8774423687375582,
    "best_valid_loss": 0.9134928768086872,
    "best_train_acc": 0.6408276000215721,
    "best_valid_acc": 0.6223286165990178,
    "total_epochs": 72
  },
  "epoch_history": {
    "train_loss": [
      0.9799820062253544,
      0.9639553570516483,
      0.9543108756769406,
      0.9475399742437114,
      0.93621013962396,
      0.9297567897215214,
      0.9304859757701684,
      0.9327898883912893,
      0.924522861436643,
      0.9213676674767883,
      0.9199475157548087,
      0.9188435193848467,
      0.9223411514184917,
      0.9186841138032988,
      0.9063331590896092,
      0.9124165262515761,
      0.9146800432633041,
      0.9075594863560086,
      0.9126782244173554,
      0.9129970041426366,
      0.9059812161972363,
      0.911821332450982,
      0.9045054856304197,
      0.9054351210198335,
      0.9033972289636306,
      0.9112843087719921,
      0.9112169620120946,
      0.9025745234647448,
      0.8998309818402633,
      0.9055677015033783,
      0.9003566928215394,
      0.9003415622671652,
      0.8944517330238831,
      0.8978789574245972,
      0.8983202553102533,
      0.8952784877022284,
      0.8974935255139783,
      0.8949776875944919,
      0.8952321364427612,
      0.8961074196002946,
      0.896949449338585,
      0.8930584748908081,
      0.8961626834920523,
      0.8949068936998408,
      0.8909204219876689,
      0.890588283131036,
      0.8890981845793554,
      0.8916911787568577,
      0.8907680562061662,
      0.8880743644813869,
      0.8872067871353261,
      0.8854105692418158,
      0.8889291694195741,
      0.8863406902338713,
      0.8843099300134533,
      0.8855689549340119,
      0.8849999223121738,
      0.8864331732152836,
      0.8828028062532871,
      0.8808750859241625,
      0.8814851546951193,
      0.8832586613568559,
      0.8800565245004627,
      0.8825696017371718,
      0.8774423687375582,
      0.8815424327028458,
      0.8826305322733721,
      0.8802117174240799,
      0.87894039767857,
      0.8834879053384129,
      0.8777563621763873,
      0.8782967352748282
    ],
    "valid_loss": [
      1.013511502536658,
      0.9950517243761349,
      0.9869502241670881,
      0.9777292682689708,
      0.9680220080601445,
      0.9625148514420475,
      0.9592956103439798,
      0.9694331171288423,
      0.9583592044340237,
      0.9547605693528767,
      0.956435507257513,
      0.9510898283409943,
      0.9612867977128733,
      0.9488656376754059,
      0.9427236852521192,
      0.9442673235917138,
      0.9462951053815025,
      0.9411282897693268,
      0.9476367709288789,
      0.9489273680538809,
      0.9421634418721172,
      0.950533489394706,
      0.9408217941180499,
      0.9427820516686434,
      0.9382179002250924,
      0.9530510402288761,
      0.9504989771331506,
      0.935622206310183,
      0.9320969168743629,
      0.941215299136212,
      0.9314741481484764,
      0.9351663664543062,
      0.9294195721160298,
      0.9320982440156941,
      0.9329046721126201,
      0.9303982665624172,
      0.9320493598930973,
      0.9294575020616422,
      0.9313421062260496,
      0.928219510683809,
      0.9351800139223609,
      0.9259011552602924,
      0.932994357233901,
      0.9331034255990684,
      0.9274726489396874,
      0.9257444466788126,
      0.9227484135752535,
      0.9251100418131539,
      0.9249777975773813,
      0.921180295834075,
      0.9221497041406586,
      0.9202687222833624,
      0.9274551801018761,
      0.9214044282252075,
      0.9175387263535956,
      0.9218508550784086,
      0.9210938274522213,
      0.9219735987136762,
      0.9204694213997215,
      0.9163335474630333,
      0.9160640376854512,
      0.9164180141831616,
      0.9135977220003831,
      0.9202324851829093,
      0.9134928768086872,
      0.9169857539356008,
      0.9180507292497386,
      0.9150924464478062,
      0.9142872325731346,
      0.921106001754048,
      0.9136125570007287,
      0.9160225518154573
    ],
    "train_acc": [
      0.572594127753338,
      0.5845724477453254,
      0.5938369145665925,
      0.6024503648004191,
      0.6076199758083777,
      0.6147696017627526,
      0.6131940645777637,
      0.6131863602394508,
      0.6173832985354053,
      0.6168536252763931,
      0.6192207832230329,
      0.6181036541676618,
      0.6176471721226222,
      0.6185331710286062,
      0.6255267841321448,
      0.6227570745086558,
      0.6195039176560321,
      0.6255999753461174,
      0.6244443245991818,
      0.622186953473501,
      0.6263184048937956,
      0.6203340601092475,
      0.6235390648474156,
      0.6253091365748052,
      0.626066087814048,
      0.6257444316894843,
      0.6235101735787422,
      0.6268480781528079,
      0.6274682773869966,
      0.6229265699515397,
      0.6284274675069532,
      0.6289841059500605,
      0.631434085533564,
      0.6300916045825404,
      0.6288338713529589,
      0.6311548032697212,
      0.6300338220451936,
      0.6315169071704276,
      0.6311856206229728,
      0.6307252864087768,
      0.6309275252894905,
      0.6317095156282503,
      0.6300973828362751,
      0.6329980662110835,
      0.6344349253064401,
      0.6337646478732174,
      0.6344098862069231,
      0.6332349746142053,
      0.6337742782961086,
      0.6352323243218256,
      0.6350531984560506,
      0.6364168663374347,
      0.6356965107051781,
      0.6357793323420418,
      0.637690008243642,
      0.6361703275114217,
      0.6364515358598427,
      0.6353690763268797,
      0.6374896954475064,
      0.6378325385024307,
      0.6375436258156968,
      0.6384257725525243,
      0.6390690848016518,
      0.6390151544334615,
      0.6408276000215721,
      0.6383911030301163,
      0.6379827730995323,
      0.6398164056180035,
      0.6398838185782414,
      0.6378248341641178,
      0.6401862138570229,
      0.6399435272001665
    ],